<?xml version="1.0" encoding="UTF-8"?>
<root>
  <item name="com.android.billingclient.util.BillingHelper int getResponseCodeFromBundle(android.os.Bundle, java.lang.String)">
    <annotation name="android.support.annotation.IntDef">
      <val name="value" val="{com.android.billingclient.api.BillingClient.BillingResponseCode.SERVICE_TIMEOUT, com.android.billingclient.api.BillingClient.BillingResponseCode.FEATURE_NOT_SUPPORTED, com.android.billingclient.api.BillingClient.BillingResponseCode.SERVICE_DISCONNECTED, com.android.billingclient.api.BillingClient.BillingResponseCode.OK, com.android.billingclient.api.BillingClient.BillingResponseCode.USER_CANCELED, com.android.billingclient.api.BillingClient.BillingResponseCode.SERVICE_UNAVAILABLE, com.android.billingclient.api.BillingClient.BillingResponseCode.BILLING_UNAVAILABLE, com.android.billingclient.api.BillingClient.BillingResponseCode.ITEM_UNAVAILABLE, com.android.billingclient.api.BillingClient.BillingResponseCode.DEVELOPER_ERROR, com.android.billingclient.api.BillingClient.BillingResponseCode.ERROR, com.android.billingclient.api.BillingClient.BillingResponseCode.ITEM_ALREADY_OWNED, com.android.billingclient.api.BillingClient.BillingResponseCode.ITEM_NOT_OWNED}" />
    </annotation>
  </item>
  <item name="com.android.billingclient.util.BillingHelper int getResponseCodeFromIntent(android.content.Intent, java.lang.String)">
    <annotation name="android.support.annotation.IntDef">
      <val name="value" val="{com.android.billingclient.api.BillingClient.BillingResponseCode.SERVICE_TIMEOUT, com.android.billingclient.api.BillingClient.BillingResponseCode.FEATURE_NOT_SUPPORTED, com.android.billingclient.api.BillingClient.BillingResponseCode.SERVICE_DISCONNECTED, com.android.billingclient.api.BillingClient.BillingResponseCode.OK, com.android.billingclient.api.BillingClient.BillingResponseCode.USER_CANCELED, com.android.billingclient.api.BillingClient.BillingResponseCode.SERVICE_UNAVAILABLE, com.android.billingclient.api.BillingClient.BillingResponseCode.BILLING_UNAVAILABLE, com.android.billingclient.api.BillingClient.BillingResponseCode.ITEM_UNAVAILABLE, com.android.billingclient.api.BillingClient.BillingResponseCode.DEVELOPER_ERROR, com.android.billingclient.api.BillingClient.BillingResponseCode.ERROR, com.android.billingclient.api.BillingClient.BillingResponseCode.ITEM_ALREADY_OWNED, com.android.billingclient.api.BillingClient.BillingResponseCode.ITEM_NOT_OWNED}" />
    </annotation>
  </item>
</root>

