<?xml version="1.0" encoding="UTF-8"?>
<root>
  <item name="com.android.billingclient.api.BillingClient com.android.billingclient.api.BillingResult isFeatureSupported(java.lang.String) 0">
    <annotation name="android.support.annotation.StringDef">
      <val name="value" val="{com.android.billingclient.api.BillingClient.FeatureType.SUBSCRIPTIONS, com.android.billingclient.api.BillingClient.FeatureType.SUBSCRIPTIONS_UPDATE, com.android.billingclient.api.BillingClient.FeatureType.IN_APP_ITEMS_ON_VR, com.android.billingclient.api.BillingClient.FeatureType.SUBSCRIPTIONS_ON_VR, com.android.billingclient.api.BillingClient.FeatureType.PRICE_CHANGE_CONFIRMATION}" />
    </annotation>
  </item>
  <item name="com.android.billingclient.api.BillingClient com.android.billingclient.api.Purchase.PurchasesResult queryPurchases(java.lang.String) 0">
    <annotation name="android.support.annotation.StringDef">
      <val name="value" val="{com.android.billingclient.api.BillingClient.SkuType.INAPP, com.android.billingclient.api.BillingClient.SkuType.SUBS}" />
    </annotation>
  </item>
  <item name="com.android.billingclient.api.BillingClient void queryPurchaseHistoryAsync(java.lang.String, com.android.billingclient.api.PurchaseHistoryResponseListener) 0">
    <annotation name="android.support.annotation.StringDef">
      <val name="value" val="{com.android.billingclient.api.BillingClient.SkuType.INAPP, com.android.billingclient.api.BillingClient.SkuType.SUBS}" />
    </annotation>
  </item>
  <item name="com.android.billingclient.api.BillingClient.BillingResponseCode">
    <annotation name="android.support.annotation.IntDef">
      <val name="value" val="{com.android.billingclient.api.BillingClient.BillingResponseCode.SERVICE_TIMEOUT, com.android.billingclient.api.BillingClient.BillingResponseCode.FEATURE_NOT_SUPPORTED, com.android.billingclient.api.BillingClient.BillingResponseCode.SERVICE_DISCONNECTED, com.android.billingclient.api.BillingClient.BillingResponseCode.OK, com.android.billingclient.api.BillingClient.BillingResponseCode.USER_CANCELED, com.android.billingclient.api.BillingClient.BillingResponseCode.SERVICE_UNAVAILABLE, com.android.billingclient.api.BillingClient.BillingResponseCode.BILLING_UNAVAILABLE, com.android.billingclient.api.BillingClient.BillingResponseCode.ITEM_UNAVAILABLE, com.android.billingclient.api.BillingClient.BillingResponseCode.DEVELOPER_ERROR, com.android.billingclient.api.BillingClient.BillingResponseCode.ERROR, com.android.billingclient.api.BillingClient.BillingResponseCode.ITEM_ALREADY_OWNED, com.android.billingclient.api.BillingClient.BillingResponseCode.ITEM_NOT_OWNED}" />
    </annotation>
  </item>
  <item name="com.android.billingclient.api.BillingClient.Builder com.android.billingclient.api.BillingClient.Builder setChildDirected(int) 0">
    <annotation name="android.support.annotation.IntDef">
      <val name="value" val="{com.android.billingclient.api.BillingClient.ChildDirected.UNSPECIFIED, com.android.billingclient.api.BillingClient.ChildDirected.CHILD_DIRECTED, com.android.billingclient.api.BillingClient.ChildDirected.NOT_CHILD_DIRECTED}" />
    </annotation>
  </item>
  <item name="com.android.billingclient.api.BillingClient.Builder com.android.billingclient.api.BillingClient.Builder setUnderAgeOfConsent(int) 0">
    <annotation name="android.support.annotation.IntDef">
      <val name="value" val="{com.android.billingclient.api.BillingClient.UnderAgeOfConsent.UNSPECIFIED, com.android.billingclient.api.BillingClient.UnderAgeOfConsent.UNDER_AGE_OF_CONSENT, com.android.billingclient.api.BillingClient.UnderAgeOfConsent.NOT_UNDER_AGE_OF_CONSENT}" />
    </annotation>
  </item>
  <item name="com.android.billingclient.api.BillingClient.Builder mChildDirected">
    <annotation name="android.support.annotation.IntDef">
      <val name="value" val="{com.android.billingclient.api.BillingClient.ChildDirected.UNSPECIFIED, com.android.billingclient.api.BillingClient.ChildDirected.CHILD_DIRECTED, com.android.billingclient.api.BillingClient.ChildDirected.NOT_CHILD_DIRECTED}" />
    </annotation>
  </item>
  <item name="com.android.billingclient.api.BillingClient.Builder mUnderAgeOfConsent">
    <annotation name="android.support.annotation.IntDef">
      <val name="value" val="{com.android.billingclient.api.BillingClient.UnderAgeOfConsent.UNSPECIFIED, com.android.billingclient.api.BillingClient.UnderAgeOfConsent.UNDER_AGE_OF_CONSENT, com.android.billingclient.api.BillingClient.UnderAgeOfConsent.NOT_UNDER_AGE_OF_CONSENT}" />
    </annotation>
  </item>
  <item name="com.android.billingclient.api.BillingClient.ChildDirected">
    <annotation name="android.support.annotation.IntDef">
      <val name="value" val="{com.android.billingclient.api.BillingClient.ChildDirected.UNSPECIFIED, com.android.billingclient.api.BillingClient.ChildDirected.CHILD_DIRECTED, com.android.billingclient.api.BillingClient.ChildDirected.NOT_CHILD_DIRECTED}" />
    </annotation>
  </item>
  <item name="com.android.billingclient.api.BillingClient.FeatureType">
    <annotation name="android.support.annotation.StringDef">
      <val name="value" val="{com.android.billingclient.api.BillingClient.FeatureType.SUBSCRIPTIONS, com.android.billingclient.api.BillingClient.FeatureType.SUBSCRIPTIONS_UPDATE, com.android.billingclient.api.BillingClient.FeatureType.IN_APP_ITEMS_ON_VR, com.android.billingclient.api.BillingClient.FeatureType.SUBSCRIPTIONS_ON_VR, com.android.billingclient.api.BillingClient.FeatureType.PRICE_CHANGE_CONFIRMATION}" />
    </annotation>
  </item>
  <item name="com.android.billingclient.api.BillingClient.SkuType">
    <annotation name="android.support.annotation.StringDef">
      <val name="value" val="{com.android.billingclient.api.BillingClient.SkuType.INAPP, com.android.billingclient.api.BillingClient.SkuType.SUBS}" />
    </annotation>
  </item>
  <item name="com.android.billingclient.api.BillingClient.UnderAgeOfConsent">
    <annotation name="android.support.annotation.IntDef">
      <val name="value" val="{com.android.billingclient.api.BillingClient.UnderAgeOfConsent.UNSPECIFIED, com.android.billingclient.api.BillingClient.UnderAgeOfConsent.UNDER_AGE_OF_CONSENT, com.android.billingclient.api.BillingClient.UnderAgeOfConsent.NOT_UNDER_AGE_OF_CONSENT}" />
    </annotation>
  </item>
  <item name="com.android.billingclient.api.BillingClientImpl BillingClientImpl(android.content.Context, int, int, boolean, com.android.billingclient.api.PurchasesUpdatedListener) 1">
    <annotation name="android.support.annotation.IntDef">
      <val name="value" val="{com.android.billingclient.api.BillingClient.ChildDirected.UNSPECIFIED, com.android.billingclient.api.BillingClient.ChildDirected.CHILD_DIRECTED, com.android.billingclient.api.BillingClient.ChildDirected.NOT_CHILD_DIRECTED}" />
    </annotation>
  </item>
  <item name="com.android.billingclient.api.BillingClientImpl BillingClientImpl(android.content.Context, int, int, boolean, com.android.billingclient.api.PurchasesUpdatedListener) 2">
    <annotation name="android.support.annotation.IntDef">
      <val name="value" val="{com.android.billingclient.api.BillingClient.UnderAgeOfConsent.UNSPECIFIED, com.android.billingclient.api.BillingClient.UnderAgeOfConsent.UNDER_AGE_OF_CONSENT, com.android.billingclient.api.BillingClient.UnderAgeOfConsent.NOT_UNDER_AGE_OF_CONSENT}" />
    </annotation>
  </item>
  <item name="com.android.billingclient.api.BillingClientImpl BillingClientImpl(android.content.Context, int, int, boolean, com.android.billingclient.api.PurchasesUpdatedListener, java.lang.String) 1">
    <annotation name="android.support.annotation.IntDef">
      <val name="value" val="{com.android.billingclient.api.BillingClient.ChildDirected.UNSPECIFIED, com.android.billingclient.api.BillingClient.ChildDirected.CHILD_DIRECTED, com.android.billingclient.api.BillingClient.ChildDirected.NOT_CHILD_DIRECTED}" />
    </annotation>
  </item>
  <item name="com.android.billingclient.api.BillingClientImpl BillingClientImpl(android.content.Context, int, int, boolean, com.android.billingclient.api.PurchasesUpdatedListener, java.lang.String) 2">
    <annotation name="android.support.annotation.IntDef">
      <val name="value" val="{com.android.billingclient.api.BillingClient.UnderAgeOfConsent.UNSPECIFIED, com.android.billingclient.api.BillingClient.UnderAgeOfConsent.UNDER_AGE_OF_CONSENT, com.android.billingclient.api.BillingClient.UnderAgeOfConsent.NOT_UNDER_AGE_OF_CONSENT}" />
    </annotation>
  </item>
  <item name="com.android.billingclient.api.BillingClientImpl com.android.billingclient.api.BillingClientImpl.PurchaseHistoryResult queryPurchaseHistoryInternal(java.lang.String) 0">
    <annotation name="android.support.annotation.StringDef">
      <val name="value" val="{com.android.billingclient.api.BillingClient.SkuType.INAPP, com.android.billingclient.api.BillingClient.SkuType.SUBS}" />
    </annotation>
  </item>
  <item name="com.android.billingclient.api.BillingClientImpl com.android.billingclient.api.BillingResult isBillingSupportedOnVr(java.lang.String) 0">
    <annotation name="android.support.annotation.StringDef">
      <val name="value" val="{com.android.billingclient.api.BillingClient.SkuType.INAPP, com.android.billingclient.api.BillingClient.SkuType.SUBS}" />
    </annotation>
  </item>
  <item name="com.android.billingclient.api.BillingClientImpl com.android.billingclient.api.BillingResult isFeatureSupported(java.lang.String) 0">
    <annotation name="android.support.annotation.StringDef">
      <val name="value" val="{com.android.billingclient.api.BillingClient.FeatureType.SUBSCRIPTIONS, com.android.billingclient.api.BillingClient.FeatureType.SUBSCRIPTIONS_UPDATE, com.android.billingclient.api.BillingClient.FeatureType.IN_APP_ITEMS_ON_VR, com.android.billingclient.api.BillingClient.FeatureType.SUBSCRIPTIONS_ON_VR, com.android.billingclient.api.BillingClient.FeatureType.PRICE_CHANGE_CONFIRMATION}" />
    </annotation>
  </item>
  <item name="com.android.billingclient.api.BillingClientImpl com.android.billingclient.api.Purchase.PurchasesResult queryPurchases(java.lang.String) 0">
    <annotation name="android.support.annotation.StringDef">
      <val name="value" val="{com.android.billingclient.api.BillingClient.SkuType.INAPP, com.android.billingclient.api.BillingClient.SkuType.SUBS}" />
    </annotation>
  </item>
  <item name="com.android.billingclient.api.BillingClientImpl com.android.billingclient.api.Purchase.PurchasesResult queryPurchasesInternal(java.lang.String) 0">
    <annotation name="android.support.annotation.StringDef">
      <val name="value" val="{com.android.billingclient.api.BillingClient.SkuType.INAPP, com.android.billingclient.api.BillingClient.SkuType.SUBS}" />
    </annotation>
  </item>
  <item name="com.android.billingclient.api.BillingClientImpl com.android.billingclient.api.SkuDetails.SkuDetailsResult querySkuDetailsInternal(java.lang.String, java.util.List&lt;java.lang.String&gt;) 0">
    <annotation name="android.support.annotation.StringDef">
      <val name="value" val="{com.android.billingclient.api.BillingClient.SkuType.INAPP, com.android.billingclient.api.BillingClient.SkuType.SUBS}" />
    </annotation>
  </item>
  <item name="com.android.billingclient.api.BillingClientImpl mChildDirected">
    <annotation name="android.support.annotation.IntDef">
      <val name="value" val="{com.android.billingclient.api.BillingClient.ChildDirected.UNSPECIFIED, com.android.billingclient.api.BillingClient.ChildDirected.CHILD_DIRECTED, com.android.billingclient.api.BillingClient.ChildDirected.NOT_CHILD_DIRECTED}" />
    </annotation>
  </item>
  <item name="com.android.billingclient.api.BillingClientImpl mClientState">
    <annotation name="android.support.annotation.IntDef">
      <val name="value" val="{com.android.billingclient.api.BillingClientImpl.ClientState.DISCONNECTED, com.android.billingclient.api.BillingClientImpl.ClientState.CONNECTING, com.android.billingclient.api.BillingClientImpl.ClientState.CONNECTED, com.android.billingclient.api.BillingClientImpl.ClientState.CLOSED}" />
    </annotation>
  </item>
  <item name="com.android.billingclient.api.BillingClientImpl mUnderAgeOfConsent">
    <annotation name="android.support.annotation.IntDef">
      <val name="value" val="{com.android.billingclient.api.BillingClient.UnderAgeOfConsent.UNSPECIFIED, com.android.billingclient.api.BillingClient.UnderAgeOfConsent.UNDER_AGE_OF_CONSENT, com.android.billingclient.api.BillingClient.UnderAgeOfConsent.NOT_UNDER_AGE_OF_CONSENT}" />
    </annotation>
  </item>
  <item name="com.android.billingclient.api.BillingClientImpl void queryPurchaseHistoryAsync(java.lang.String, com.android.billingclient.api.PurchaseHistoryResponseListener) 0">
    <annotation name="android.support.annotation.StringDef">
      <val name="value" val="{com.android.billingclient.api.BillingClient.SkuType.INAPP, com.android.billingclient.api.BillingClient.SkuType.SUBS}" />
    </annotation>
  </item>
  <item name="com.android.billingclient.api.BillingClientImpl void queryPurchaseHistoryAsync(java.lang.String, long) 0">
    <annotation name="android.support.annotation.StringDef">
      <val name="value" val="{com.android.billingclient.api.BillingClient.SkuType.INAPP, com.android.billingclient.api.BillingClient.SkuType.SUBS}" />
    </annotation>
  </item>
  <item name="com.android.billingclient.api.BillingClientImpl.ClientState">
    <annotation name="android.support.annotation.IntDef">
      <val name="value" val="{com.android.billingclient.api.BillingClientImpl.ClientState.DISCONNECTED, com.android.billingclient.api.BillingClientImpl.ClientState.CONNECTING, com.android.billingclient.api.BillingClientImpl.ClientState.CONNECTED, com.android.billingclient.api.BillingClientImpl.ClientState.CLOSED}" />
    </annotation>
  </item>
  <item name="com.android.billingclient.api.BillingFlowParams int getReplaceSkusProrationMode()">
    <annotation name="android.support.annotation.IntDef">
      <val name="value" val="{com.android.billingclient.api.BillingFlowParams.ProrationMode.UNKNOWN_SUBSCRIPTION_UPGRADE_DOWNGRADE_POLICY, com.android.billingclient.api.BillingFlowParams.ProrationMode.IMMEDIATE_WITH_TIME_PRORATION, com.android.billingclient.api.BillingFlowParams.ProrationMode.IMMEDIATE_AND_CHARGE_PRORATED_PRICE, com.android.billingclient.api.BillingFlowParams.ProrationMode.IMMEDIATE_WITHOUT_PRORATION, com.android.billingclient.api.BillingFlowParams.ProrationMode.DEFERRED}" />
    </annotation>
  </item>
  <item name="com.android.billingclient.api.BillingFlowParams java.lang.String getSkuType()">
    <annotation name="android.support.annotation.StringDef">
      <val name="value" val="{com.android.billingclient.api.BillingClient.SkuType.INAPP, com.android.billingclient.api.BillingClient.SkuType.SUBS}" />
    </annotation>
  </item>
  <item name="com.android.billingclient.api.BillingFlowParams mReplaceSkusProrationMode">
    <annotation name="android.support.annotation.IntDef">
      <val name="value" val="{com.android.billingclient.api.BillingFlowParams.ProrationMode.UNKNOWN_SUBSCRIPTION_UPGRADE_DOWNGRADE_POLICY, com.android.billingclient.api.BillingFlowParams.ProrationMode.IMMEDIATE_WITH_TIME_PRORATION, com.android.billingclient.api.BillingFlowParams.ProrationMode.IMMEDIATE_AND_CHARGE_PRORATED_PRICE, com.android.billingclient.api.BillingFlowParams.ProrationMode.IMMEDIATE_WITHOUT_PRORATION, com.android.billingclient.api.BillingFlowParams.ProrationMode.DEFERRED}" />
    </annotation>
  </item>
  <item name="com.android.billingclient.api.BillingFlowParams.Builder com.android.billingclient.api.BillingFlowParams.Builder setReplaceSkusProrationMode(int) 0">
    <annotation name="android.support.annotation.IntDef">
      <val name="value" val="{com.android.billingclient.api.BillingFlowParams.ProrationMode.UNKNOWN_SUBSCRIPTION_UPGRADE_DOWNGRADE_POLICY, com.android.billingclient.api.BillingFlowParams.ProrationMode.IMMEDIATE_WITH_TIME_PRORATION, com.android.billingclient.api.BillingFlowParams.ProrationMode.IMMEDIATE_AND_CHARGE_PRORATED_PRICE, com.android.billingclient.api.BillingFlowParams.ProrationMode.IMMEDIATE_WITHOUT_PRORATION, com.android.billingclient.api.BillingFlowParams.ProrationMode.DEFERRED}" />
    </annotation>
  </item>
  <item name="com.android.billingclient.api.BillingFlowParams.Builder mReplaceSkusProrationMode">
    <annotation name="android.support.annotation.IntDef">
      <val name="value" val="{com.android.billingclient.api.BillingFlowParams.ProrationMode.UNKNOWN_SUBSCRIPTION_UPGRADE_DOWNGRADE_POLICY, com.android.billingclient.api.BillingFlowParams.ProrationMode.IMMEDIATE_WITH_TIME_PRORATION, com.android.billingclient.api.BillingFlowParams.ProrationMode.IMMEDIATE_AND_CHARGE_PRORATED_PRICE, com.android.billingclient.api.BillingFlowParams.ProrationMode.IMMEDIATE_WITHOUT_PRORATION, com.android.billingclient.api.BillingFlowParams.ProrationMode.DEFERRED}" />
    </annotation>
  </item>
  <item name="com.android.billingclient.api.BillingFlowParams.ProrationMode">
    <annotation name="android.support.annotation.IntDef">
      <val name="value" val="{com.android.billingclient.api.BillingFlowParams.ProrationMode.UNKNOWN_SUBSCRIPTION_UPGRADE_DOWNGRADE_POLICY, com.android.billingclient.api.BillingFlowParams.ProrationMode.IMMEDIATE_WITH_TIME_PRORATION, com.android.billingclient.api.BillingFlowParams.ProrationMode.IMMEDIATE_AND_CHARGE_PRORATED_PRICE, com.android.billingclient.api.BillingFlowParams.ProrationMode.IMMEDIATE_WITHOUT_PRORATION, com.android.billingclient.api.BillingFlowParams.ProrationMode.DEFERRED}" />
    </annotation>
  </item>
  <item name="com.android.billingclient.api.BillingResult int getResponseCode()">
    <annotation name="android.support.annotation.IntDef">
      <val name="value" val="{com.android.billingclient.api.BillingClient.BillingResponseCode.SERVICE_TIMEOUT, com.android.billingclient.api.BillingClient.BillingResponseCode.FEATURE_NOT_SUPPORTED, com.android.billingclient.api.BillingClient.BillingResponseCode.SERVICE_DISCONNECTED, com.android.billingclient.api.BillingClient.BillingResponseCode.OK, com.android.billingclient.api.BillingClient.BillingResponseCode.USER_CANCELED, com.android.billingclient.api.BillingClient.BillingResponseCode.SERVICE_UNAVAILABLE, com.android.billingclient.api.BillingClient.BillingResponseCode.BILLING_UNAVAILABLE, com.android.billingclient.api.BillingClient.BillingResponseCode.ITEM_UNAVAILABLE, com.android.billingclient.api.BillingClient.BillingResponseCode.DEVELOPER_ERROR, com.android.billingclient.api.BillingClient.BillingResponseCode.ERROR, com.android.billingclient.api.BillingClient.BillingResponseCode.ITEM_ALREADY_OWNED, com.android.billingclient.api.BillingClient.BillingResponseCode.ITEM_NOT_OWNED}" />
    </annotation>
  </item>
  <item name="com.android.billingclient.api.BillingResult mResponseCode">
    <annotation name="android.support.annotation.IntDef">
      <val name="value" val="{com.android.billingclient.api.BillingClient.BillingResponseCode.SERVICE_TIMEOUT, com.android.billingclient.api.BillingClient.BillingResponseCode.FEATURE_NOT_SUPPORTED, com.android.billingclient.api.BillingClient.BillingResponseCode.SERVICE_DISCONNECTED, com.android.billingclient.api.BillingClient.BillingResponseCode.OK, com.android.billingclient.api.BillingClient.BillingResponseCode.USER_CANCELED, com.android.billingclient.api.BillingClient.BillingResponseCode.SERVICE_UNAVAILABLE, com.android.billingclient.api.BillingClient.BillingResponseCode.BILLING_UNAVAILABLE, com.android.billingclient.api.BillingClient.BillingResponseCode.ITEM_UNAVAILABLE, com.android.billingclient.api.BillingClient.BillingResponseCode.DEVELOPER_ERROR, com.android.billingclient.api.BillingClient.BillingResponseCode.ERROR, com.android.billingclient.api.BillingClient.BillingResponseCode.ITEM_ALREADY_OWNED, com.android.billingclient.api.BillingClient.BillingResponseCode.ITEM_NOT_OWNED}" />
    </annotation>
  </item>
  <item name="com.android.billingclient.api.BillingResult.Builder com.android.billingclient.api.BillingResult.Builder setResponseCode(int) 0">
    <annotation name="android.support.annotation.IntDef">
      <val name="value" val="{com.android.billingclient.api.BillingClient.BillingResponseCode.SERVICE_TIMEOUT, com.android.billingclient.api.BillingClient.BillingResponseCode.FEATURE_NOT_SUPPORTED, com.android.billingclient.api.BillingClient.BillingResponseCode.SERVICE_DISCONNECTED, com.android.billingclient.api.BillingClient.BillingResponseCode.OK, com.android.billingclient.api.BillingClient.BillingResponseCode.USER_CANCELED, com.android.billingclient.api.BillingClient.BillingResponseCode.SERVICE_UNAVAILABLE, com.android.billingclient.api.BillingClient.BillingResponseCode.BILLING_UNAVAILABLE, com.android.billingclient.api.BillingClient.BillingResponseCode.ITEM_UNAVAILABLE, com.android.billingclient.api.BillingClient.BillingResponseCode.DEVELOPER_ERROR, com.android.billingclient.api.BillingClient.BillingResponseCode.ERROR, com.android.billingclient.api.BillingClient.BillingResponseCode.ITEM_ALREADY_OWNED, com.android.billingclient.api.BillingClient.BillingResponseCode.ITEM_NOT_OWNED}" />
    </annotation>
  </item>
  <item name="com.android.billingclient.api.BillingResult.Builder mResponseCode">
    <annotation name="android.support.annotation.IntDef">
      <val name="value" val="{com.android.billingclient.api.BillingClient.BillingResponseCode.SERVICE_TIMEOUT, com.android.billingclient.api.BillingClient.BillingResponseCode.FEATURE_NOT_SUPPORTED, com.android.billingclient.api.BillingClient.BillingResponseCode.SERVICE_DISCONNECTED, com.android.billingclient.api.BillingClient.BillingResponseCode.OK, com.android.billingclient.api.BillingClient.BillingResponseCode.USER_CANCELED, com.android.billingclient.api.BillingClient.BillingResponseCode.SERVICE_UNAVAILABLE, com.android.billingclient.api.BillingClient.BillingResponseCode.BILLING_UNAVAILABLE, com.android.billingclient.api.BillingClient.BillingResponseCode.ITEM_UNAVAILABLE, com.android.billingclient.api.BillingClient.BillingResponseCode.DEVELOPER_ERROR, com.android.billingclient.api.BillingClient.BillingResponseCode.ERROR, com.android.billingclient.api.BillingClient.BillingResponseCode.ITEM_ALREADY_OWNED, com.android.billingclient.api.BillingClient.BillingResponseCode.ITEM_NOT_OWNED}" />
    </annotation>
  </item>
  <item name="com.android.billingclient.api.Purchase int getPurchaseState()">
    <annotation name="android.support.annotation.IntDef">
      <val name="value" val="{com.android.billingclient.api.Purchase.PurchaseState.UNSPECIFIED_STATE, com.android.billingclient.api.Purchase.PurchaseState.PURCHASED, com.android.billingclient.api.Purchase.PurchaseState.PENDING}" />
    </annotation>
  </item>
  <item name="com.android.billingclient.api.Purchase.PurchaseState">
    <annotation name="android.support.annotation.IntDef">
      <val name="value" val="{com.android.billingclient.api.Purchase.PurchaseState.UNSPECIFIED_STATE, com.android.billingclient.api.Purchase.PurchaseState.PURCHASED, com.android.billingclient.api.Purchase.PurchaseState.PENDING}" />
    </annotation>
  </item>
  <item name="com.android.billingclient.api.Purchase.PurchasesResult int getResponseCode()">
    <annotation name="android.support.annotation.IntDef">
      <val name="value" val="{com.android.billingclient.api.BillingClient.BillingResponseCode.SERVICE_TIMEOUT, com.android.billingclient.api.BillingClient.BillingResponseCode.FEATURE_NOT_SUPPORTED, com.android.billingclient.api.BillingClient.BillingResponseCode.SERVICE_DISCONNECTED, com.android.billingclient.api.BillingClient.BillingResponseCode.OK, com.android.billingclient.api.BillingClient.BillingResponseCode.USER_CANCELED, com.android.billingclient.api.BillingClient.BillingResponseCode.SERVICE_UNAVAILABLE, com.android.billingclient.api.BillingClient.BillingResponseCode.BILLING_UNAVAILABLE, com.android.billingclient.api.BillingClient.BillingResponseCode.ITEM_UNAVAILABLE, com.android.billingclient.api.BillingClient.BillingResponseCode.DEVELOPER_ERROR, com.android.billingclient.api.BillingClient.BillingResponseCode.ERROR, com.android.billingclient.api.BillingClient.BillingResponseCode.ITEM_ALREADY_OWNED, com.android.billingclient.api.BillingClient.BillingResponseCode.ITEM_NOT_OWNED}" />
    </annotation>
  </item>
  <item name="com.android.billingclient.api.SkuDetails java.lang.String getType()">
    <annotation name="android.support.annotation.StringDef">
      <val name="value" val="{com.android.billingclient.api.BillingClient.SkuType.INAPP, com.android.billingclient.api.BillingClient.SkuType.SUBS}" />
    </annotation>
  </item>
  <item name="com.android.billingclient.api.SkuDetails.SkuDetailsResult SkuDetailsResult(int, java.lang.String, java.util.List&lt;com.android.billingclient.api.SkuDetails&gt;) 0">
    <annotation name="android.support.annotation.IntDef">
      <val name="value" val="{com.android.billingclient.api.BillingClient.BillingResponseCode.SERVICE_TIMEOUT, com.android.billingclient.api.BillingClient.BillingResponseCode.FEATURE_NOT_SUPPORTED, com.android.billingclient.api.BillingClient.BillingResponseCode.SERVICE_DISCONNECTED, com.android.billingclient.api.BillingClient.BillingResponseCode.OK, com.android.billingclient.api.BillingClient.BillingResponseCode.USER_CANCELED, com.android.billingclient.api.BillingClient.BillingResponseCode.SERVICE_UNAVAILABLE, com.android.billingclient.api.BillingClient.BillingResponseCode.BILLING_UNAVAILABLE, com.android.billingclient.api.BillingClient.BillingResponseCode.ITEM_UNAVAILABLE, com.android.billingclient.api.BillingClient.BillingResponseCode.DEVELOPER_ERROR, com.android.billingclient.api.BillingClient.BillingResponseCode.ERROR, com.android.billingclient.api.BillingClient.BillingResponseCode.ITEM_ALREADY_OWNED, com.android.billingclient.api.BillingClient.BillingResponseCode.ITEM_NOT_OWNED}" />
    </annotation>
  </item>
  <item name="com.android.billingclient.api.SkuDetails.SkuDetailsResult int getResponseCode()">
    <annotation name="android.support.annotation.IntDef">
      <val name="value" val="{com.android.billingclient.api.BillingClient.BillingResponseCode.SERVICE_TIMEOUT, com.android.billingclient.api.BillingClient.BillingResponseCode.FEATURE_NOT_SUPPORTED, com.android.billingclient.api.BillingClient.BillingResponseCode.SERVICE_DISCONNECTED, com.android.billingclient.api.BillingClient.BillingResponseCode.OK, com.android.billingclient.api.BillingClient.BillingResponseCode.USER_CANCELED, com.android.billingclient.api.BillingClient.BillingResponseCode.SERVICE_UNAVAILABLE, com.android.billingclient.api.BillingClient.BillingResponseCode.BILLING_UNAVAILABLE, com.android.billingclient.api.BillingClient.BillingResponseCode.ITEM_UNAVAILABLE, com.android.billingclient.api.BillingClient.BillingResponseCode.DEVELOPER_ERROR, com.android.billingclient.api.BillingClient.BillingResponseCode.ERROR, com.android.billingclient.api.BillingClient.BillingResponseCode.ITEM_ALREADY_OWNED, com.android.billingclient.api.BillingClient.BillingResponseCode.ITEM_NOT_OWNED}" />
    </annotation>
  </item>
  <item name="com.android.billingclient.api.SkuDetails.SkuDetailsResult mResponseCode">
    <annotation name="android.support.annotation.IntDef">
      <val name="value" val="{com.android.billingclient.api.BillingClient.BillingResponseCode.SERVICE_TIMEOUT, com.android.billingclient.api.BillingClient.BillingResponseCode.FEATURE_NOT_SUPPORTED, com.android.billingclient.api.BillingClient.BillingResponseCode.SERVICE_DISCONNECTED, com.android.billingclient.api.BillingClient.BillingResponseCode.OK, com.android.billingclient.api.BillingClient.BillingResponseCode.USER_CANCELED, com.android.billingclient.api.BillingClient.BillingResponseCode.SERVICE_UNAVAILABLE, com.android.billingclient.api.BillingClient.BillingResponseCode.BILLING_UNAVAILABLE, com.android.billingclient.api.BillingClient.BillingResponseCode.ITEM_UNAVAILABLE, com.android.billingclient.api.BillingClient.BillingResponseCode.DEVELOPER_ERROR, com.android.billingclient.api.BillingClient.BillingResponseCode.ERROR, com.android.billingclient.api.BillingClient.BillingResponseCode.ITEM_ALREADY_OWNED, com.android.billingclient.api.BillingClient.BillingResponseCode.ITEM_NOT_OWNED}" />
    </annotation>
  </item>
  <item name="com.android.billingclient.api.SkuDetailsParams java.lang.String getSkuType()">
    <annotation name="android.support.annotation.StringDef">
      <val name="value" val="{com.android.billingclient.api.BillingClient.SkuType.INAPP, com.android.billingclient.api.BillingClient.SkuType.SUBS}" />
    </annotation>
  </item>
  <item name="com.android.billingclient.api.SkuDetailsParams mSkuType">
    <annotation name="android.support.annotation.StringDef">
      <val name="value" val="{com.android.billingclient.api.BillingClient.SkuType.INAPP, com.android.billingclient.api.BillingClient.SkuType.SUBS}" />
    </annotation>
  </item>
  <item name="com.android.billingclient.api.SkuDetailsParams.Builder com.android.billingclient.api.SkuDetailsParams.Builder setType(java.lang.String) 0">
    <annotation name="android.support.annotation.StringDef">
      <val name="value" val="{com.android.billingclient.api.BillingClient.SkuType.INAPP, com.android.billingclient.api.BillingClient.SkuType.SUBS}" />
    </annotation>
  </item>
  <item name="com.android.billingclient.api.SkuDetailsParams.Builder mSkuType">
    <annotation name="android.support.annotation.StringDef">
      <val name="value" val="{com.android.billingclient.api.BillingClient.SkuType.INAPP, com.android.billingclient.api.BillingClient.SkuType.SUBS}" />
    </annotation>
  </item>
</root>

